<ImportExportXml version="9.2.24084.152" SolutionPackageVersion="9.2" languagecode="1033" generatedBy="CrmLive" xmlns:xsi="http://www.w3.org/2001/XMLSchema-instance" OrganizationVersion="9.2.24084.152" OrganizationSchemaType="Standard" CRMServerServiceabilityVersion="9.2.24093.00156">
  <SolutionManifest>
    <UniqueName>PottersHouseTreasureSystem</UniqueName>
    <LocalizedNames>
      <LocalizedName description="Potters House Treasure System" languagecode="1033" />
    </LocalizedNames>
    <Descriptions />
    <Version>1.0.0.32</Version>
    <Managed>0</Managed>
    <Publisher>
      <UniqueName>PragmaticWorks</UniqueName>
      <LocalizedNames>
        <LocalizedName description="Pragmatic Works" languagecode="1033" />
      </LocalizedNames>
      <Descriptions />
      <EMailAddress xsi:nil="true"></EMailAddress>
      <SupportingWebsiteUrl xsi:nil="true"></SupportingWebsiteUrl>
      <CustomizationPrefix>pw</CustomizationPrefix>
      <CustomizationOptionValuePrefix>12567</CustomizationOptionValuePrefix>
      <Addresses>
        <Address>
          <AddressNumber>1</AddressNumber>
          <AddressTypeCode>1</AddressTypeCode>
          <City xsi:nil="true"></City>
          <County xsi:nil="true"></County>
          <Country xsi:nil="true"></Country>
          <Fax xsi:nil="true"></Fax>
          <FreightTermsCode xsi:nil="true"></FreightTermsCode>
          <ImportSequenceNumber xsi:nil="true"></ImportSequenceNumber>
          <Latitude xsi:nil="true"></Latitude>
          <Line1 xsi:nil="true"></Line1>
          <Line2 xsi:nil="true"></Line2>
          <Line3 xsi:nil="true"></Line3>
          <Longitude xsi:nil="true"></Longitude>
          <Name xsi:nil="true"></Name>
          <PostalCode xsi:nil="true"></PostalCode>
          <PostOfficeBox xsi:nil="true"></PostOfficeBox>
          <PrimaryContactName xsi:nil="true"></PrimaryContactName>
          <ShippingMethodCode>1</ShippingMethodCode>
          <StateOrProvince xsi:nil="true"></StateOrProvince>
          <Telephone1 xsi:nil="true"></Telephone1>
          <Telephone2 xsi:nil="true"></Telephone2>
          <Telephone3 xsi:nil="true"></Telephone3>
          <TimeZoneRuleVersionNumber xsi:nil="true"></TimeZoneRuleVersionNumber>
          <UPSZone xsi:nil="true"></UPSZone>
          <UTCOffset xsi:nil="true"></UTCOffset>
          <UTCConversionTimeZoneCode xsi:nil="true"></UTCConversionTimeZoneCode>
        </Address>
        <Address>
          <AddressNumber>2</AddressNumber>
          <AddressTypeCode>1</AddressTypeCode>
          <City xsi:nil="true"></City>
          <County xsi:nil="true"></County>
          <Country xsi:nil="true"></Country>
          <Fax xsi:nil="true"></Fax>
          <FreightTermsCode xsi:nil="true"></FreightTermsCode>
          <ImportSequenceNumber xsi:nil="true"></ImportSequenceNumber>
          <Latitude xsi:nil="true"></Latitude>
          <Line1 xsi:nil="true"></Line1>
          <Line2 xsi:nil="true"></Line2>
          <Line3 xsi:nil="true"></Line3>
          <Longitude xsi:nil="true"></Longitude>
          <Name xsi:nil="true"></Name>
          <PostalCode xsi:nil="true"></PostalCode>
          <PostOfficeBox xsi:nil="true"></PostOfficeBox>
          <PrimaryContactName xsi:nil="true"></PrimaryContactName>
          <ShippingMethodCode>1</ShippingMethodCode>
          <StateOrProvince xsi:nil="true"></StateOrProvince>
          <Telephone1 xsi:nil="true"></Telephone1>
          <Telephone2 xsi:nil="true"></Telephone2>
          <Telephone3 xsi:nil="true"></Telephone3>
          <TimeZoneRuleVersionNumber xsi:nil="true"></TimeZoneRuleVersionNumber>
          <UPSZone xsi:nil="true"></UPSZone>
          <UTCOffset xsi:nil="true"></UTCOffset>
          <UTCConversionTimeZoneCode xsi:nil="true"></UTCConversionTimeZoneCode>
        </Address>
      </Addresses>
    </Publisher>
    <RootComponents>
      <RootComponent type="1" schemaName="account" behavior="1" />
      <RootComponent type="1" schemaName="contact" behavior="2" />
      <RootComponent type="1" schemaName="pw_acedemicevaluation" behavior="0" />
      <RootComponent type="1" schemaName="pw_contribution" behavior="0" />
      <RootComponent type="1" schemaName="pw_grade" behavior="0" />
      <RootComponent type="1" schemaName="pw_guardian" behavior="0" />
      <RootComponent type="1" schemaName="pw_healthevaluation" behavior="0" />
      <RootComponent type="1" schemaName="pw_programattendance" behavior="0" />
      <RootComponent type="1" schemaName="pw_treasuresponsor" behavior="0" />
      <RootComponent type="1" schemaName="systemuser" behavior="1" />
      <RootComponent type="9" schemaName="pw_facilitychoice" behavior="0" />
      <RootComponent type="9" schemaName="pw_levelchoice" behavior="0" />
      <RootComponent type="9" schemaName="pw_periodchoice" behavior="0" />
      <RootComponent type="9" schemaName="pw_periodstatus" behavior="0" />
      <RootComponent type="20" id="{290b060d-5e53-ef11-bfe3-6045bda86675}" behavior="0" />
      <RootComponent type="20" id="{48e9eb7f-ad59-ef11-bfe2-000d3a1767e8}" behavior="0" />
      <RootComponent type="61" schemaName="msdyncrm_/KnowledgeArticleSubgrid/RelatedArticles_16.svg" behavior="0" />
      <RootComponent type="61" schemaName="msdyncrm_/libs/ckeditor/plugins/smiley/images/heart.png" behavior="0" />
      <RootComponent type="61" schemaName="msdyncrm_/libs/ckeditor/plugins/smiley/images/thumbs_up.png" behavior="0" />
      <RootComponent type="61" schemaName="msdyn_/RichTextEditorControl/libs/ckeditor_latest/skins/superowa/images/hidpi/checkmark.png" behavior="0" />
      <RootComponent type="61" schemaName="pw_fnContactFormSelector" behavior="0" />
      <RootComponent type="62" schemaName="pw_PottersHouseAdministrationApp" behavior="0" />
      <RootComponent type="80" schemaName="pw_PottersHouseAdministrationApp" behavior="0" />
      <RootComponent type="300" schemaName="pw_attendancetracker_6e1a5" behavior="0" />
      <RootComponent type="300" schemaName="pw_healthevaluation_9d0dd" behavior="0" />
      <RootComponent type="431" schemaName="contact entityimage" behavior="0" />
      <RootComponent type="431" schemaName="pw_acedemicevaluation pw_progresspicture" behavior="0" />
      <RootComponent type="432" schemaName="contact" behavior="0" />
      <RootComponent type="432" schemaName="pw_acedemicevaluation" behavior="0" />
    </RootComponents>
    <MissingDependencies>
      <MissingDependency>
        <Required type="60" displayName="account contact card" parentDisplayName="Contact" solution="msdynce_AppCommon (9.0.4.0066)" id="{29de27bc-a257-4f29-99cf-bab4a84e688f}" />
        <Dependent type="60" displayName="Account" parentDisplayName="Account" id="{8448b78f-8f42-454e-8e2a-f8196b0419af}" />
      </MissingDependency>
      <MissingDependency>
        <Required type="60" displayName="Contact Quick Create" parentDisplayName="Contact" solution="msdynce_AppCommon (9.0.4.0066)" id="{661157fe-2fc9-4eaa-835f-5bfa2f7b64f7}" />
        <Dependent type="80" schemaName="pw_PottersHouseAdministrationApp" displayName="Administración de Casa de los Alfareros" />
      </MissingDependency>
      <MissingDependency>
        <Required type="60" displayName="contact card" parentDisplayName="Contact" solution="msdynce_AppCommon (9.0.4.0066)" id="{707fc57b-c5e6-471b-a180-e37ed28a38e2}" />
        <Dependent type="80" schemaName="pw_PottersHouseAdministrationApp" displayName="Administración de Casa de los Alfareros" />
      </MissingDependency>
      <MissingDependency>
        <Required type="60" displayName="Account" parentDisplayName="Account" solution="msdynce_AppCommon (9.0.4.0066)" id="{8448b78f-8f42-454e-8e2a-f8196b0419af}" />
        <Dependent type="60" displayName="Account" parentDisplayName="Account" id="{8448b78f-8f42-454e-8e2a-f8196b0419af}" />
      </MissingDependency>
      <MissingDependency>
        <Required type="60" displayName="Contact Quick Form" parentDisplayName="Contact" solution="msdynce_AppCommon (9.0.4.0066)" id="{bdb0ae1c-32fa-4374-b637-8dafe107bc44}" />
        <Dependent type="80" schemaName="pw_PottersHouseAdministrationApp" displayName="Administración de Casa de los Alfareros" />
      </MissingDependency>
      <MissingDependency>
        <Required type="60" displayName="Contact Reference Panel" parentDisplayName="Contact" solution="msdynce_AppCommon (9.0.4.0066)" id="{d880c3cf-80e2-42f3-82f9-24d040d09f17}" />
        <Dependent type="80" schemaName="pw_PottersHouseAdministrationApp" displayName="Administración de Casa de los Alfareros" />
      </MissingDependency>
      <MissingDependency>
        <Required type="60" displayName="Recent Cases and Entitlements" parentDisplayName="Contact" solution="msdynce_AppCommon (9.0.4.0066)" id="{f3b707fb-3b5f-45f9-9c6b-5e573bb5d19e}" />
        <Dependent type="80" schemaName="pw_PottersHouseAdministrationApp" displayName="Administración de Casa de los Alfareros" />
      </MissingDependency>
      <MissingDependency>
        <Required type="61" schemaName="AppCommon/Contact/Contact_main_system_library.js" displayName="AppCommon/Contact/Contact_main_system_library.js" solution="msdynce_AppCommon (9.0.4.0066)" />
        <Dependent type="60" displayName="Guardian main form" parentDisplayName="Contact" id="{13e53e0d-735a-ef11-bfe2-6045bdd4e098}" />
      </MissingDependency>
      <MissingDependency>
        <Required type="61" schemaName="AppCommon/Contact/Contact_main_system_library.js" displayName="AppCommon/Contact/Contact_main_system_library.js" solution="msdynce_AppCommon (9.0.4.0066)" />
        <Dependent type="60" displayName="Sponsor main form" parentDisplayName="Contact" id="{f30d481a-725a-ef11-bfe2-6045bdd4e098}" />
      </MissingDependency>
      <MissingDependency>
        <Required type="61" schemaName="msdyn_/Images/AppModule_Default_Icon.png" displayName="msdyn_/Images/AppModule_Default_Icon.png" solution="AppModuleWebResources (2.5)" />
        <Dependent type="80" schemaName="pw_PottersHouseAdministrationApp" displayName="Administración de Casa de los Alfareros" />
      </MissingDependency>
      <MissingDependency>
        <Required type="61" schemaName="msdyn_/RichTextEditorControl/libs/ckeditor_latest/skins/superowa/images/hidpi/checkmark.png" displayName="msdyn_/RichTextEditorControl/libs/ckeditor_latest/skins/superowa/images/hidpi/checkmark.png" solution="msdyn_RichTextEditor (1.0.0.3773)" />
        <Dependent type="1" schemaName="pw_programattendance" displayName="Program Attendance" />
      </MissingDependency>
      <MissingDependency>
        <Required type="61" schemaName="msdyn_/RichTextEditorControl/libs/ckeditor_latest/skins/superowa/images/hidpi/checkmark.png" displayName="msdyn_/RichTextEditorControl/libs/ckeditor_latest/skins/superowa/images/hidpi/checkmark.png" solution="msdyn_RichTextEditor (1.0.0.3773)" />
        <Dependent type="61" schemaName="msdyn_/RichTextEditorControl/libs/ckeditor_latest/skins/superowa/images/hidpi/checkmark.png" displayName="msdyn_/RichTextEditorControl/libs/ckeditor_latest/skins/superowa/images/hidpi/checkmark.png" />
      </MissingDependency>
      <MissingDependency>
        <Required type="61" schemaName="msdyncrm_/KnowledgeArticleSubgrid/RelatedArticles_16.svg" displayName="msdyncrm_/KnowledgeArticleSubgrid/RelatedArticles_16.svg" solution="msdynce_KnowledgeManagementFeatures (9.0.24061.5032)" />
        <Dependent type="1" schemaName="pw_acedemicevaluation" displayName="Acedemic Evaluation" />
      </MissingDependency>
      <MissingDependency>
        <Required type="61" schemaName="msdyncrm_/KnowledgeArticleSubgrid/RelatedArticles_16.svg" displayName="msdyncrm_/KnowledgeArticleSubgrid/RelatedArticles_16.svg" solution="msdynce_KnowledgeManagementFeatures (9.0.24061.5032)" />
        <Dependent type="61" schemaName="msdyncrm_/KnowledgeArticleSubgrid/RelatedArticles_16.svg" displayName="msdyncrm_/KnowledgeArticleSubgrid/RelatedArticles_16.svg" />
      </MissingDependency>
      <MissingDependency>
        <Required type="61" schemaName="msdyncrm_/libs/ckeditor/plugins/smiley/images/heart.png" displayName="msdyncrm_/libs/ckeditor/plugins/smiley/images/heart.png" solution="SampleEditorCustomControl (1.70.180.0)" />
        <Dependent type="1" schemaName="pw_healthevaluation" displayName="Health Evaluation" />
      </MissingDependency>
      <MissingDependency>
        <Required type="61" schemaName="msdyncrm_/libs/ckeditor/plugins/smiley/images/heart.png" displayName="msdyncrm_/libs/ckeditor/plugins/smiley/images/heart.png" solution="SampleEditorCustomControl (1.70.180.0)" />
        <Dependent type="61" schemaName="msdyncrm_/libs/ckeditor/plugins/smiley/images/heart.png" displayName="msdyncrm_/libs/ckeditor/plugins/smiley/images/heart.png" />
      </MissingDependency>
      <MissingDependency>
        <Required type="61" schemaName="msdyncrm_/libs/ckeditor/plugins/smiley/images/thumbs_up.png" displayName="msdyncrm_/libs/ckeditor/plugins/smiley/images/thumbs_up.png" solution="SampleEditorCustomControl (1.70.180.0)" />
        <Dependent type="1" schemaName="pw_guardian" displayName="Guardian" />
      </MissingDependency>
      <MissingDependency>
        <Required type="61" schemaName="msdyncrm_/libs/ckeditor/plugins/smiley/images/thumbs_up.png" displayName="msdyncrm_/libs/ckeditor/plugins/smiley/images/thumbs_up.png" solution="SampleEditorCustomControl (1.70.180.0)" />
        <Dependent type="61" schemaName="msdyncrm_/libs/ckeditor/plugins/smiley/images/thumbs_up.png" displayName="msdyncrm_/libs/ckeditor/plugins/smiley/images/thumbs_up.png" />
      </MissingDependency>
      <MissingDependency>
        <Required type="66" schemaName="Microsoft.PowerApps.PowerAppsOneGrid" displayName="Microsoft.PowerApps.PowerAppsOneGrid" solution="BaseCustomControlsCore (9.0.2408.4011)" />
        <Dependent type="26" schemaName="Parents and Guardians" displayName="Parents and Guardians" parentSchemaName="contact" parentDisplayName="Contact" id="{21982779-715a-ef11-bfe2-6045bdd4e098}" />
      </MissingDependency>
      <MissingDependency>
        <Required type="66" schemaName="Microsoft.PowerApps.PowerAppsOneGrid" displayName="Microsoft.PowerApps.PowerAppsOneGrid" solution="BaseCustomControlsCore (9.0.2408.4011)" />
        <Dependent type="26" schemaName="Sponsors" displayName="Sponsors" parentSchemaName="contact" parentDisplayName="Contact" id="{30ecc99c-715a-ef11-bfe2-6045bdd4e098}" />
      </MissingDependency>
      <MissingDependency>
        <Required type="66" schemaName="Microsoft.PowerApps.PowerAppsOneGrid" displayName="Microsoft.PowerApps.PowerAppsOneGrid" solution="BaseCustomControlsCore (9.0.2408.4011)" />
        <Dependent type="26" schemaName="Treasures in Chiquimula" displayName="Treasures in Chiquimula" parentSchemaName="contact" parentDisplayName="Contact" id="{360f56d3-6e5a-ef11-bfe2-6045bdd4e098}" />
      </MissingDependency>
      <MissingDependency>
        <Required type="66" schemaName="Microsoft.PowerApps.PowerAppsOneGrid" displayName="Microsoft.PowerApps.PowerAppsOneGrid" solution="BaseCustomControlsCore (9.0.2408.4011)" />
        <Dependent type="26" schemaName="Treasures in Guatemala City" displayName="Treasures in Guatemala City" parentSchemaName="contact" parentDisplayName="Contact" id="{41124a20-6354-ef11-bfe2-002248357ecb}" />
      </MissingDependency>
      <MissingDependency>
        <Required type="66" schemaName="Microsoft.PowerApps.PowerAppsOneGrid" displayName="Microsoft.PowerApps.PowerAppsOneGrid" solution="BaseCustomControlsCore (9.0.2408.4011)" />
        <Dependent type="26" schemaName="Active Health Evaluations" displayName="Active Health Evaluations" parentSchemaName="pw_healthevaluation" parentDisplayName="Health Evaluation" id="{4379229d-0d20-495c-a4ad-3dedab9091fb}" />
      </MissingDependency>
      <MissingDependency>
        <Required type="66" schemaName="Microsoft.PowerApps.PowerAppsOneGrid" displayName="Microsoft.PowerApps.PowerAppsOneGrid" solution="BaseCustomControlsCore (9.0.2408.4011)" />
        <Dependent type="26" schemaName="Treasures in Totonicapán" displayName="Treasures in Totonicapán" parentSchemaName="contact" parentDisplayName="Contact" id="{4466c923-715a-ef11-bfe2-6045bdd4e098}" />
      </MissingDependency>
      <MissingDependency>
        <Required type="66" schemaName="Microsoft.PowerApps.PowerAppsOneGrid" displayName="Microsoft.PowerApps.PowerAppsOneGrid" solution="BaseCustomControlsCore (9.0.2408.4011)" />
        <Dependent type="26" schemaName="Treasures View" displayName="Treasures View" parentSchemaName="contact" parentDisplayName="Contact" id="{56f9c41e-5d53-ef11-bfe3-6045bda86675}" />
      </MissingDependency>
      <MissingDependency>
        <Required type="66" schemaName="Microsoft.PowerApps.PowerAppsOneGrid" displayName="Microsoft.PowerApps.PowerAppsOneGrid" solution="BaseCustomControlsCore (9.0.2408.4011)" />
        <Dependent type="26" schemaName="Treasures in San Marcos" displayName="Treasures in San Marcos" parentSchemaName="contact" parentDisplayName="Contact" id="{7d5c7ef1-6e5a-ef11-bfe2-6045bdd4e098}" />
      </MissingDependency>
      <MissingDependency>
        <Required type="66" schemaName="Microsoft.PowerApps.PowerAppsOneGrid" displayName="Microsoft.PowerApps.PowerAppsOneGrid" solution="BaseCustomControlsCore (9.0.2408.4011)" />
        <Dependent type="26" schemaName="Active Acedemic Evaluations" displayName="Active Acedemic Evaluations" parentSchemaName="pw_acedemicevaluation" parentDisplayName="Acedemic Evaluation" id="{8c5a1784-f0e0-4fe5-973c-28e2863c1099}" />
      </MissingDependency>
      <MissingDependency>
        <Required type="66" schemaName="MscrmControls.CardFeedContainer.CardFeedContainer" displayName="MscrmControls.CardFeedContainer.CardFeedContainer" solution="BaseCustomControlsCore (9.0.2408.4011)" />
        <Dependent type="60" displayName="Account" parentDisplayName="Account" id="{8448b78f-8f42-454e-8e2a-f8196b0419af}" />
      </MissingDependency>
      <MissingDependency>
        <Required type="66" schemaName="orb_ORBIS.ColorfulOptionset" displayName="orb_ORBIS.ColorfulOptionset" solution="ColorfulOptionset (1.0)" />
        <Dependent type="60" displayName="Guardian main form" parentDisplayName="Contact" id="{13e53e0d-735a-ef11-bfe2-6045bdd4e098}" />
      </MissingDependency>
      <MissingDependency>
        <Required type="66" schemaName="orb_ORBIS.ColorfulOptionset" displayName="orb_ORBIS.ColorfulOptionset" solution="ColorfulOptionset (1.0)" />
        <Dependent type="60" displayName="Treasure main form" parentDisplayName="Contact" id="{9b544253-c752-ef11-bfe3-6045bda86675}" />
      </MissingDependency>
      <MissingDependency>
        <Required type="66" schemaName="orb_ORBIS.ColorfulOptionset" displayName="orb_ORBIS.ColorfulOptionset" solution="ColorfulOptionset (1.0)" />
        <Dependent type="60" displayName="Sponsor main form" parentDisplayName="Contact" id="{f30d481a-725a-ef11-bfe2-6045bdd4e098}" />
      </MissingDependency>
      <MissingDependency>
        <Required type="9" schemaName="yearlymonth_options" displayName="Month" solution="msdynce_ActivitiesPatch (9.0.24073.240718001)" />
        <Dependent type="2" schemaName="pw_month" displayName="Month" parentSchemaName="pw_contribution" parentDisplayName="Contribution" />
      </MissingDependency>
      <MissingDependency>
        <Required type="SettingDefinition" displayName="AppChannel" solution="msdyn_AppFrameworkInfraExtensions (1.0.0.12)" id.uniquename="AppChannel" />
        <Dependent type="AppSetting" displayName="parentappmoduleid.uniquename=pw_PottersHouseAdministrationApp,settingdefinitionid.uniquename=AppChannel" id.parentappmoduleid.uniquename="pw_PottersHouseAdministrationApp" id.settingdefinitionid.uniquename="AppChannel" />
      </MissingDependency>
    </MissingDependencies>
  </SolutionManifest>
</ImportExportXml>