<?xml version="1.0" encoding="UTF-8" standalone="yes"?>
<manifest>
  <control namespace="ORBIS" constructor="ColorfulOptionset" version="0.0.9" display-name-key="ORBIS.ColorfulOptionset" description-key="ColorfulOptionset description" control-type="virtual" api-version="1.3.4">
    <property name="optionsInput" display-name-key="OptionSet" description-key="OptionSet" of-type="OptionSet" usage="bound" required="true"/>
    <property name="icon" display-name-key="Icon" description-key="Icon" of-type="SingleLine.Text" usage="input" required="false"/>
    <property name="sortBy" display-name-key="Sort by" description-key="Sort by" of-type="Enum" usage="input" required="false" default-value="VALUE">
      <value name="VALUE" display-name-key="Value" description-key="Sort by the value of the options" default="true">VALUE</value>
      <value name="TEXT" display-name-key="Text" description-key="Sort by the text of the options, corresponding to the user language">TEXT</value>
    </property>
    <resources>
      <code path="bundle.js" order="1"/>
      <css path="CSS/ColorfulOptionset.css" order="1"/>
      <platform-library name="React" version="16.8.6"/>
      <platform-library name="Fluent" version="8.29.0"/>
    </resources>
    <built-by name="pac" version="1.14.2"/>
  </control>
</manifest>